drop table if exists t0,t1,t2,t3;
create table t0 (a int) engine=myisam;
INSERT INTO t0 VALUES (0),(1),(2),(3),(4),(5),(6),(7),(8),(9);
create table t1 (a int) engine=myisam;
INSERT INTO t1 select * from t0;
# Try a few basic selects to see that r_rows and r_filtered columns work
analyze select * from t1;
id	select_type	table	type	possible_keys	key	key_len	ref	rows	r_rows	filtered	r_filtered	Extra
1	SIMPLE	t1	ALL	NULL	NULL	NULL	NULL	10	10	100.00	100.00	
analyze select * from t1 where a<5;
id	select_type	table	type	possible_keys	key	key_len	ref	rows	r_rows	filtered	r_filtered	Extra
1	SIMPLE	t1	ALL	NULL	NULL	NULL	NULL	10	10	100.00	50.00	Using where
analyze select * from t1 where a>100;
id	select_type	table	type	possible_keys	key	key_len	ref	rows	r_rows	filtered	r_filtered	Extra
1	SIMPLE	t1	ALL	NULL	NULL	NULL	NULL	10	10	100.00	0.00	Using where
# ANALYZE DELETE will delete rows:
analyze delete from t1 where a in (2,3,4);
id	select_type	table	type	possible_keys	key	key_len	ref	rows	r_rows	filtered	r_filtered	Extra
1	SIMPLE	t1	ALL	NULL	NULL	NULL	NULL	10	NULL	100.00	30.00	Using where
select * from t1;
a
0
1
5
6
7
8
9
drop table t1;
# ANALYZE UPDATE will make updates:
create table t1(a int, b int);
insert into t1 select a,a from t0;
analyze update t1 set b=100+b where a in (6,7,8);
id	select_type	table	type	possible_keys	key	key_len	ref	rows	r_rows	filtered	r_filtered	Extra
1	SIMPLE	t1	ALL	NULL	NULL	NULL	NULL	10	NULL	100.00	30.00	Using where
select * from t1;
a	b
0	0
1	1
2	2
3	3
4	4
5	5
6	106
7	107
8	108
9	9
drop table t1;
# Check that UNION works
create table t1(a int, b int);
insert into t1 select a,a from t0;
analyze (select * from t1 A where a<5) union (select * from t1 B where a in (5,6));
id	select_type	table	type	possible_keys	key	key_len	ref	rows	r_rows	filtered	r_filtered	Extra
1	PRIMARY	A	ALL	NULL	NULL	NULL	NULL	10	10	100.00	50.00	Using where
2	UNION	B	ALL	NULL	NULL	NULL	NULL	10	10	100.00	20.00	Using where
NULL	UNION RESULT	<union1,2>	ALL	NULL	NULL	NULL	NULL	NULL	7	NULL	NULL	
analyze (select * from t1 A where a<5) union (select * from t1 B where a in (1,2));
id	select_type	table	type	possible_keys	key	key_len	ref	rows	r_rows	filtered	r_filtered	Extra
1	PRIMARY	A	ALL	NULL	NULL	NULL	NULL	10	10	100.00	50.00	Using where
2	UNION	B	ALL	NULL	NULL	NULL	NULL	10	10	100.00	20.00	Using where
NULL	UNION RESULT	<union1,2>	ALL	NULL	NULL	NULL	NULL	NULL	5	NULL	NULL	
drop table t1;
drop table t0;
# 
# Try a subquery.
# 
create table t0 (a int, b int);
insert into t0 values
(0,0),(1,1),(2,2),(3,3),(4,4),(5,5),(6,6),(7,7),(8,8),(9,9);
create table t1 (a int, b int);
insert into t1 values (1,1),(2,2),(3,3);
# See .test file for the right values of r_rows and r_filtered.
analyze select a, a in (select t0.b from t0 where t0.b+1=t1.b+1) from t1;
id	select_type	table	type	possible_keys	key	key_len	ref	rows	r_rows	filtered	r_filtered	Extra
1	PRIMARY	t1	ALL	NULL	NULL	NULL	NULL	3	3	100.00	100.00	
2	DEPENDENT SUBQUERY	t0	ALL	NULL	NULL	NULL	NULL	10	3	100.00	33.33	Using where
drop table t0,t1;
