for master_1
for child2
child2_1
child2_2
child2_3
for child3

this test is for MDEV-18990

drop and create databases
connection master_1;
CREATE DATABASE auto_test_local;
USE auto_test_local;
connection child2_1;
SET @old_log_output = @@global.log_output;
SET GLOBAL log_output = 'TABLE,FILE';
CREATE DATABASE auto_test_remote;
USE auto_test_remote;

create table and insert
connection child2_1;
CHILD2_1_CREATE_TABLES
TRUNCATE TABLE mysql.general_log;
connection master_1;
CREATE TABLE tbl_a (
pkey int NOT NULL,
txt_bin binary(16) NOT NULL,
PRIMARY KEY (pkey)
) MASTER_1_ENGINE DEFAULT CHARACTER SET utf8 MASTER_1_COMMENT_2_1
INSERT INTO tbl_a (pkey,txt_bin) VALUES (0,0x15101408BFF8380088000C458048000C);
FLUSH TABLES;

test 1
connection child2_1;
TRUNCATE TABLE mysql.general_log;
connection master_1;
SET NAMES utf8;
SELECT pkey, HEX(txt_bin) FROM auto_test_local.tbl_a WHERE txt_bin = 0x15101408BFF8380088000C458048000C;
pkey	HEX(txt_bin)
0	15101408BFF8380088000C458048000C
connection child2_1;
SET NAMES utf8;
SELECT argument FROM mysql.general_log WHERE argument LIKE '%select %';
argument
select t0.`pkey` `pkey`,(hex(t0.`txt_bin`)) `HEX(txt_bin)` from `auto_test_remote`.`tbl_a` t0 where (t0.`txt_bin` = _binary'\xBF\xF88\0\x88\0E\x80H\0')
SELECT argument FROM mysql.general_log WHERE argument LIKE '%select %'
SELECT pkey, HEX(txt_bin) FROM tbl_a ORDER BY pkey;
pkey	HEX(txt_bin)
0	15101408BFF8380088000C458048000C

deinit
connection master_1;
DROP DATABASE IF EXISTS auto_test_local;
connection child2_1;
DROP DATABASE IF EXISTS auto_test_remote;
SET GLOBAL log_output = @old_log_output;
for master_1
for child2
child2_1
child2_2
child2_3
for child3

end of test
