include/rpl_init.inc [topology=1->2]
SET GLOBAL gtid_pos_auto_engines="innodb";
ERROR HY000: This operation cannot be performed as you have a running slave ''; run STOP SLAVE '' first
include/stop_slave.inc
CHANGE MASTER TO master_use_gtid=slave_pos;
SELECT @@gtid_pos_auto_engines;
@@gtid_pos_auto_engines

SELECT @@SESSION.gtid_pos_auto_engines;
ERROR HY000: Variable 'gtid_pos_auto_engines' is a GLOBAL variable
SET GLOBAL gtid_pos_auto_engines= NULL;
ERROR 42000: Variable 'gtid_pos_auto_engines' can't be set to the value of 'NULL'
SET GLOBAL gtid_pos_auto_engines="innodb";
SELECT @@gtid_pos_auto_engines;
@@gtid_pos_auto_engines
InnoDB
SET GLOBAL gtid_pos_auto_engines="myisam,innodb";
SELECT @@gtid_pos_auto_engines;
@@gtid_pos_auto_engines
MyISAM,InnoDB
SET GLOBAL gtid_pos_auto_engines="innodb,myisam";
SELECT @@gtid_pos_auto_engines;
@@gtid_pos_auto_engines
InnoDB,MyISAM
SET GLOBAL gtid_pos_auto_engines="innodb,innodb,myisam,innodb,myisam,myisam,innodb";
SELECT @@gtid_pos_auto_engines;
@@gtid_pos_auto_engines
InnoDB,MyISAM
SET GLOBAL gtid_pos_auto_engines=DEFAULT;
SELECT @@gtid_pos_auto_engines;
@@gtid_pos_auto_engines

SET GLOBAL gtid_pos_auto_engines="";
SELECT @@gtid_pos_auto_engines;
@@gtid_pos_auto_engines

include/start_slave.inc
CREATE TABLE t1 (a INT PRIMARY KEY);
INSERT INTO t1 VALUES (1);
SELECT * FROM t1 ORDER BY a;
a
1
SELECT * FROM t1 ORDER BY a;
a
1
include/stop_slave.inc
SET sql_log_bin=0;
CREATE TABLE mysql.gtid_slave_pos_innodb LIKE mysql.gtid_slave_pos;
ALTER TABLE mysql.gtid_slave_pos_innodb ENGINE=InnoDB;
INSERT INTO mysql.gtid_slave_pos_innodb SELECT * FROM mysql.gtid_slave_pos;
TRUNCATE mysql.gtid_slave_pos;
SET sql_log_bin=1;
INSERT INTO t1 VALUES (2);
INSERT INTO t1 VALUES (3);
SELECT * FROM t1 ORDER BY a;
a
1
2
3
include/save_master_gtid.inc
include/sync_with_master_gtid.inc
SELECT * FROM t1 ORDER BY a;
a
1
2
3
SET sql_log_bin=0;
DROP TABLE mysql.gtid_slave_pos_innodb;
SET sql_log_bin=1;
DROP TABLE t1;
include/rpl_end.inc
