SET default_storage_engine=InnoDB;
# Test 1) Show the page size from Information Schema
SELECT variable_value FROM information_schema.global_status
WHERE LOWER(variable_name) = 'innodb_page_size';
variable_value
8192
# Test 3) Query some information_shema tables that are dependent upon
#         the page size.
SELECT	t.name table_name, t.n_cols, t.flag table_flags,
i.name index_name, i.page_no root_page, i.type,
i.n_fields, i.merge_threshold
FROM	INFORMATION_SCHEMA.INNODB_SYS_TABLES  t,
INFORMATION_SCHEMA.INNODB_SYS_INDEXES i
WHERE	t.table_id = i.table_id
AND	t.name LIKE 'mysql%'
	ORDER BY t.name, i.index_id;
table_name	n_cols	table_flags	index_name	root_page	type	n_fields	merge_threshold
mysql/innodb_index_stats	11	33	PRIMARY	3	3	4	50
mysql/innodb_table_stats	9	33	PRIMARY	3	3	2	50
CREATE TABLE t1 (a INT KEY, b TEXT) ROW_FORMAT=REDUNDANT ENGINE=innodb;
CREATE TABLE t2 (a INT KEY, b TEXT) ROW_FORMAT=COMPACT ENGINE=innodb;
CREATE TABLE t3 (a INT KEY, b TEXT) ROW_FORMAT=COMPRESSED ENGINE=innodb;
CREATE TABLE t4 (a INT KEY, b TEXT) ROW_FORMAT=DYNAMIC ENGINE=innodb;
SELECT	t.name table_name, t.n_cols, t.flag table_flags,
i.name index_name, i.page_no root_page, i.type,
i.n_fields, i.merge_threshold
FROM	INFORMATION_SCHEMA.INNODB_SYS_TABLES  t,
INFORMATION_SCHEMA.INNODB_SYS_INDEXES i
WHERE	t.table_id = i.table_id
AND	t.name LIKE 'test%'
	ORDER BY t.name, i.name;
table_name	n_cols	table_flags	index_name	root_page	type	n_fields	merge_threshold
test/t1	5	0	PRIMARY	3	3	1	50
test/t2	5	1	PRIMARY	3	3	1	50
test/t3	5	39	PRIMARY	3	3	1	50
test/t4	5	33	PRIMARY	3	3	1	50
=== information_schema.innodb_sys_tablespaces and innodb_sys_datafiles ===
Space_Name	Space_Type	Page_Size	Zip_Size	Formats_Permitted	Path
test/t1	Single	DEFAULT	DEFAULT	Compact or Redundant	MYSQLD_DATADIR/test/t1.ibd
test/t2	Single	DEFAULT	DEFAULT	Compact or Redundant	MYSQLD_DATADIR/test/t2.ibd
test/t3	Single	DEFAULT	4096	Compressed	MYSQLD_DATADIR/test/t3.ibd
test/t4	Single	DEFAULT	DEFAULT	Dynamic	MYSQLD_DATADIR/test/t4.ibd
DROP TABLE t1, t2, t3, t4;
# Test 4) The maximum row size is dependent upon the page size.
#         Each row format has its own amount of overhead that
#         varies depending on number of fields and other overhead.
SET SESSION innodb_strict_mode = ON;
CREATE TABLE t1 (
c01 char(200), c02 char(200), c03 char(200), c04 char(200), c05 char(200),
c06 char(200), c07 char(200), c08 char(200), c09 char(200), c10 char(200),
c11 char(200), c12 char(200), c13 char(200), c14 char(200), c15 char(200),
c16 char(200), c17 char(200), c18 char(200), c19 char(200), c20 char(103)
) ROW_FORMAT=compressed;
DROP TABLE t1;
CREATE TABLE t1 (
c01 char(200), c02 char(200), c03 char(200), c04 char(200), c05 char(200),
c06 char(200), c07 char(200), c08 char(200), c09 char(200), c10 char(200),
c11 char(200), c12 char(200), c13 char(200), c14 char(200), c15 char(200),
c16 char(200), c17 char(200), c18 char(200), c19 char(200), c20 char(110)
) ROW_FORMAT=compressed;
ERROR 42000: Row size is greater than 3930. Changing some columns to TEXT or BLOB may help. In current row format, BLOB prefix of 0 bytes is stored inline.
CREATE TABLE t1 (a varchar(128) character set utf8,
b varchar(128) character set utf8,
c varchar(128) character set utf8,
d varchar(128) character set utf8,
PRIMARY KEY (a,b,c,d))
ENGINE=innodb;
DROP TABLE t1;
CREATE TABLE t1 (a varchar(128) character set utf8,
b varchar(128) character set utf8,
c varchar(128) character set utf8,
d varchar(129) character set utf8,
PRIMARY KEY (a,b,c,d))
ENGINE=innodb;
ERROR 42000: Specified key was too long; max key length is 1536 bytes
CREATE TABLE t1 (a varchar(128) character set utf8,
b varchar(128) character set utf8,
c varchar(128) character set utf8,
d varchar(128) character set utf8,
e varchar(128) character set utf8,
PRIMARY KEY (a), KEY (b,c,d,e))
ENGINE=innodb;
DROP TABLE t1;
CREATE TABLE t1 (a varchar(128) character set utf8,
b varchar(128) character set utf8,
c varchar(128) character set utf8,
d varchar(128) character set utf8,
e varchar(129) character set utf8,
PRIMARY KEY (a), KEY (b,c,d,e))
ENGINE=innodb;
ERROR 42000: Specified key was too long; max key length is 1536 bytes
# Test 5) KEY_BLOCK_SIZE validation
CREATE TABLE t1 ( i INT ) ROW_FORMAT=COMPRESSED KEY_BLOCK_SIZE=16;
ERROR HY000: Can't create table `test`.`t1` (errno: 140 "Wrong create options")
SHOW WARNINGS;
Level	Code	Message
Warning	1478	InnoDB: KEY_BLOCK_SIZE=16 cannot be larger than 8.
Error	1005	Can't create table `test`.`t1` (errno: 140 "Wrong create options")
Warning	1030	Got error 140 "Wrong create options" from storage engine InnoDB
CREATE TABLE t1 ( i INT ) ROW_FORMAT=COMPRESSED KEY_BLOCK_SIZE=8;
SHOW WARNINGS;
Level	Code	Message
SELECT table_name, row_format, create_options
FROM information_schema.tables WHERE table_name = 't1';
table_name	row_format	create_options
t1	Compressed	row_format=COMPRESSED key_block_size=8
ALTER TABLE t1 KEY_BLOCK_SIZE=4;
SHOW WARNINGS;
Level	Code	Message
SELECT table_name, row_format, create_options
FROM information_schema.tables WHERE table_name = 't1';
table_name	row_format	create_options
t1	Compressed	row_format=COMPRESSED key_block_size=4
ALTER TABLE t1 KEY_BLOCK_SIZE=2;
SHOW WARNINGS;
Level	Code	Message
SELECT table_name, row_format, create_options
FROM information_schema.tables WHERE table_name = 't1';
table_name	row_format	create_options
t1	Compressed	row_format=COMPRESSED key_block_size=2
ALTER TABLE t1 KEY_BLOCK_SIZE=1;
SHOW WARNINGS;
Level	Code	Message
SELECT table_name, row_format, create_options
FROM information_schema.tables WHERE table_name = 't1';
table_name	row_format	create_options
t1	Compressed	row_format=COMPRESSED key_block_size=1
ALTER TABLE t1 KEY_BLOCK_SIZE=0;
SHOW WARNINGS;
Level	Code	Message
SELECT table_name, row_format, create_options
FROM information_schema.tables WHERE table_name = 't1';
table_name	row_format	create_options
t1	Compressed	row_format=COMPRESSED
DROP TABLE t1;
SET SESSION innodb_strict_mode = OFF;
CREATE TABLE t1 (i int) ROW_FORMAT=COMPRESSED KEY_BLOCK_SIZE=16;
Warnings:
Warning	1478	InnoDB: ignoring KEY_BLOCK_SIZE=16.
SHOW WARNINGS;
Level	Code	Message
Warning	1478	InnoDB: ignoring KEY_BLOCK_SIZE=16.
SELECT table_name, row_format, create_options
FROM information_schema.tables WHERE table_name = 't1';
table_name	row_format	create_options
t1	Compressed	row_format=COMPRESSED key_block_size=16
ALTER TABLE t1 KEY_BLOCK_SIZE=8;
SHOW WARNINGS;
Level	Code	Message
SELECT table_name, row_format, create_options
FROM information_schema.tables WHERE table_name = 't1';
table_name	row_format	create_options
t1	Compressed	row_format=COMPRESSED key_block_size=8
ALTER TABLE t1 KEY_BLOCK_SIZE=4;
SHOW WARNINGS;
Level	Code	Message
SELECT table_name, row_format, create_options
FROM information_schema.tables WHERE table_name = 't1';
table_name	row_format	create_options
t1	Compressed	row_format=COMPRESSED key_block_size=4
ALTER TABLE t1 KEY_BLOCK_SIZE=2;
SHOW WARNINGS;
Level	Code	Message
SELECT table_name, row_format, create_options
FROM information_schema.tables WHERE table_name = 't1';
table_name	row_format	create_options
t1	Compressed	row_format=COMPRESSED key_block_size=2
ALTER TABLE t1 KEY_BLOCK_SIZE=1;
SHOW WARNINGS;
Level	Code	Message
SELECT table_name, row_format, create_options
FROM information_schema.tables WHERE table_name = 't1';
table_name	row_format	create_options
t1	Compressed	row_format=COMPRESSED key_block_size=1
ALTER TABLE t1 KEY_BLOCK_SIZE=0;
SHOW WARNINGS;
Level	Code	Message
SELECT table_name, row_format, create_options
FROM information_schema.tables WHERE table_name = 't1';
table_name	row_format	create_options
t1	Compressed	row_format=COMPRESSED
DROP TABLE t1;
# Test 6) KEY_BLOCK_SIZE with innodb_file_per_table=OFF
SET SESSION innodb_strict_mode = ON;
SET GLOBAL innodb_file_per_table = OFF;
SHOW VARIABLES LIKE 'innodb_file_per_table';
Variable_name	Value
innodb_file_per_table	OFF
CREATE TABLE t4 (id int PRIMARY KEY) ENGINE=innodb KEY_BLOCK_SIZE=8;
ERROR HY000: Can't create table `test`.`t4` (errno: 140 "Wrong create options")
SHOW WARNINGS;
Level	Code	Message
Warning	1478	InnoDB: KEY_BLOCK_SIZE requires innodb_file_per_table.
Error	1005	Can't create table `test`.`t4` (errno: 140 "Wrong create options")
Warning	1030	Got error 140 "Wrong create options" from storage engine InnoDB
CREATE TABLE t5 (id int PRIMARY KEY) ENGINE=innodb KEY_BLOCK_SIZE=16;
ERROR HY000: Can't create table `test`.`t5` (errno: 140 "Wrong create options")
SHOW WARNINGS;
Level	Code	Message
Warning	1478	InnoDB: KEY_BLOCK_SIZE=16 cannot be larger than 8.
Warning	1478	InnoDB: KEY_BLOCK_SIZE requires innodb_file_per_table.
Error	1005	Can't create table `test`.`t5` (errno: 140 "Wrong create options")
Warning	1030	Got error 140 "Wrong create options" from storage engine InnoDB
SET GLOBAL innodb_file_per_table = ON;
SET GLOBAL innodb_file_format = `Antelope`;
Warnings:
Warning	131	Using innodb_file_format is deprecated and the parameter may be removed in future releases. See https://mariadb.com/kb/en/library/xtradbinnodb-file-format/
CREATE TABLE t4 (id int PRIMARY KEY) ENGINE=innodb KEY_BLOCK_SIZE=8;
ERROR HY000: Can't create table `test`.`t4` (errno: 140 "Wrong create options")
SHOW WARNINGS;
Level	Code	Message
Warning	1478	InnoDB: KEY_BLOCK_SIZE requires innodb_file_format > Antelope.
Error	1005	Can't create table `test`.`t4` (errno: 140 "Wrong create options")
Warning	1030	Got error 140 "Wrong create options" from storage engine InnoDB
CREATE TABLE t5 (id int PRIMARY KEY) ENGINE=innodb KEY_BLOCK_SIZE=16;
ERROR HY000: Can't create table `test`.`t5` (errno: 140 "Wrong create options")
SHOW WARNINGS;
Level	Code	Message
Warning	1478	InnoDB: KEY_BLOCK_SIZE=16 cannot be larger than 8.
Warning	1478	InnoDB: KEY_BLOCK_SIZE requires innodb_file_format > Antelope.
Error	1005	Can't create table `test`.`t5` (errno: 140 "Wrong create options")
Warning	1030	Got error 140 "Wrong create options" from storage engine InnoDB
SET GLOBAL innodb_file_format = `Barracuda`;
Warnings:
Warning	131	Using innodb_file_format is deprecated and the parameter may be removed in future releases. See https://mariadb.com/kb/en/library/xtradbinnodb-file-format/
# Test 8) Test creating a table that could lead to undo log overflow.
CREATE TABLE t1(a blob,b blob,c blob,d blob,e blob,f blob,g blob,
h blob,i blob,j blob,k blob,l blob,m blob,n blob,
o blob,p blob,q blob,r blob,s blob,t blob,u blob)
ENGINE=InnoDB ROW_FORMAT=dynamic;
SET @a = repeat('a', 767);
SET @b = repeat('b', 767);
SET @c = repeat('c', 767);
SET @d = repeat('d', 767);
SET @e = repeat('e', 767);
INSERT INTO t1 VALUES (@a,@a,@a,@a,@a,@a,@a,@a,@a,@a,@a,@a,@a,@a,@a,@a,@a,@a,@a,@a,@a);
UPDATE t1 SET a=@b,b=@b,c=@b,d=@b,e=@b,f=@b,g=@b,h=@b,i=@b,j=@b,
k=@b,l=@b,m=@b,n=@b,o=@b,p=@b,q=@b,r=@b,s=@b,t=@b,u=@b;
CREATE INDEX t1a ON t1 (a(767));
UPDATE t1 SET a=@c,b=@c,c=@c,d=@c,e=@c,f=@c,g=@c,h=@c,i=@c,j=@c,
k=@c,l=@c,m=@c,n=@c,o=@c,p=@c,q=@c,r=@c,s=@c,t=@c,u=@c;
CREATE INDEX t1f ON t1 (f(767));
BEGIN;
UPDATE t1 SET a=@d,b=@d,c=@d,d=@d,e=@d,f=@d,g=@d,h=@d,i=@d,j=@d,
k=@d,l=@d,m=@d,n=@d,o=@d,p=@d,q=@d,r=@d,s=@d,t=@d,u=@d;
ROLLBACK;
BEGIN;
UPDATE t1 SET a=@d,b=@d,c=@d,d=@d,e=@d;
UPDATE t1 SET f=@d,g=@d,h=@d,i=@d,j=@d,k=@d,l=@d,m=@d,
n=@d,o=@d,p=@d,q=@d,r=@d,s=@d,t=@d,u=@d;
COMMIT;
CREATE INDEX t1g ON t1 (g(767));
UPDATE t1 SET g=@e;
CREATE INDEX t1t ON t1 (t(767));
BEGIN;
UPDATE t1 SET t=@e;
ROLLBACK;
CREATE INDEX t1u ON t1 (u(767));
CREATE INDEX t1ut ON t1 (u(767), t(767));
CREATE INDEX t1st ON t1 (s(767), t(767));
SHOW CREATE TABLE t1;
Table	Create Table
t1	CREATE TABLE `t1` (
  `a` blob DEFAULT NULL,
  `b` blob DEFAULT NULL,
  `c` blob DEFAULT NULL,
  `d` blob DEFAULT NULL,
  `e` blob DEFAULT NULL,
  `f` blob DEFAULT NULL,
  `g` blob DEFAULT NULL,
  `h` blob DEFAULT NULL,
  `i` blob DEFAULT NULL,
  `j` blob DEFAULT NULL,
  `k` blob DEFAULT NULL,
  `l` blob DEFAULT NULL,
  `m` blob DEFAULT NULL,
  `n` blob DEFAULT NULL,
  `o` blob DEFAULT NULL,
  `p` blob DEFAULT NULL,
  `q` blob DEFAULT NULL,
  `r` blob DEFAULT NULL,
  `s` blob DEFAULT NULL,
  `t` blob DEFAULT NULL,
  `u` blob DEFAULT NULL,
  KEY `t1a` (`a`(767)),
  KEY `t1f` (`f`(767)),
  KEY `t1g` (`g`(767)),
  KEY `t1t` (`t`(767)),
  KEY `t1u` (`u`(767)),
  KEY `t1ut` (`u`(767),`t`(767)),
  KEY `t1st` (`s`(767),`t`(767))
) ENGINE=InnoDB DEFAULT CHARSET=latin1 ROW_FORMAT=DYNAMIC
DROP TABLE t1;
# Bug#12547647 UPDATE LOGGING COULD EXCEED LOG PAGE SIZE
CREATE TABLE bug12547647(
a int NOT NULL, b blob NOT NULL, c text,
PRIMARY KEY (b(10), a), INDEX (c(767)), INDEX(b(767))
) ENGINE=InnoDB ROW_FORMAT=DYNAMIC;
INSERT INTO bug12547647 VALUES (5,REPEAT('khdfo5AlOq',1900),REPEAT('g',7751));
COMMIT;
BEGIN;
UPDATE bug12547647 SET c = REPEAT('b',16928);
SHOW WARNINGS;
Level	Code	Message
ROLLBACK;
DROP TABLE bug12547647;
SET SESSION innodb_strict_mode = OFF;
CREATE TABLE t1(
pk01 varchar(48), pk02 varchar(48), pk03 varchar(48), pk04 varchar(48),
pk05 varchar(48), pk06 varchar(48), pk07 varchar(48), pk08 varchar(48),
pk09 varchar(48), pk10 varchar(48), pk11 varchar(48), pk12 varchar(48),
pk13 varchar(48), pk14 varchar(48), pk15 varchar(48), pk16 varchar(48),
sk01 varchar(48), sk02 varchar(48), sk03 varchar(48), sk04 varchar(48),
sk05 varchar(48), sk06 varchar(48), sk07 varchar(48), sk08 varchar(48),
sk09 varchar(48), sk10 varchar(48), sk11 varchar(48), sk12 varchar(48),
sk13 varchar(48), sk14 varchar(48), sk15 varchar(48), sk16 varchar(48),
PRIMARY KEY pk(pk01,pk02,pk03,pk04,pk05,pk06,pk07,pk08,
pk09,pk10,pk11,pk12,pk13,pk14,pk15,pk16),
KEY pk(sk01,sk02,sk03,sk04,sk05,sk06,sk07,sk08,
sk09,sk10,sk11,sk12,sk13,sk14,sk15,sk16))
ROW_FORMAT=Redundant ENGINE=InnoDB;
SET @r = repeat('a', 48);
INSERT INTO t1 VALUES(@r,@r,@r,@r,@r,@r,@r,@r,@r,@r,@r,@r,@r,@r,@r,@r,
@r,@r,@r,@r,@r,@r,@r,@r,@r,@r,@r,@r,@r,@r,@r,@r);
SET @r = repeat('b', 48);
INSERT INTO t1 VALUES(@r,@r,@r,@r,@r,@r,@r,@r,@r,@r,@r,@r,@r,@r,@r,@r,
@r,@r,@r,@r,@r,@r,@r,@r,@r,@r,@r,@r,@r,@r,@r,@r);
SET @r = repeat('c', 48);
INSERT INTO t1 VALUES(@r,@r,@r,@r,@r,@r,@r,@r,@r,@r,@r,@r,@r,@r,@r,@r,
@r,@r,@r,@r,@r,@r,@r,@r,@r,@r,@r,@r,@r,@r,@r,@r);
SET @r = repeat('d', 48);
INSERT INTO t1 VALUES(@r,@r,@r,@r,@r,@r,@r,@r,@r,@r,@r,@r,@r,@r,@r,@r,
@r,@r,@r,@r,@r,@r,@r,@r,@r,@r,@r,@r,@r,@r,@r,@r);
SET @r = repeat('e', 48);
INSERT INTO t1 VALUES(@r,@r,@r,@r,@r,@r,@r,@r,@r,@r,@r,@r,@r,@r,@r,@r,
@r,@r,@r,@r,@r,@r,@r,@r,@r,@r,@r,@r,@r,@r,@r,@r);
DELETE from t1;
DROP TABLE t1;
CREATE TABLE t1(
pk01 varchar(48), pk02 varchar(48), pk03 varchar(48), pk04 varchar(48),
pk05 varchar(48), pk06 varchar(48), pk07 varchar(48), pk08 varchar(48),
pk09 varchar(48), pk10 varchar(48), pk11 varchar(48), pk12 varchar(48),
pk13 varchar(48), pk14 varchar(48), pk15 varchar(48), pk16 varchar(48),
sk01 varchar(48), sk02 varchar(48), sk03 varchar(48), sk04 varchar(48),
sk05 varchar(48), sk06 varchar(48), sk07 varchar(48), sk08 varchar(48),
sk09 varchar(48), sk10 varchar(48), sk11 varchar(48), sk12 varchar(48),
sk13 varchar(48), sk14 varchar(48), sk15 varchar(48), sk16 varchar(48),
PRIMARY KEY pk(pk01,pk02,pk03,pk04,pk05,pk06,pk07,pk08,
pk09,pk10,pk11,pk12,pk13,pk14,pk15,pk16),
KEY pk(sk01,sk02,sk03,sk04,sk05,sk06,sk07,sk08,
sk09,sk10,sk11,sk12,sk13,sk14,sk15,sk16))
ROW_FORMAT=Compressed KEY_BLOCK_SIZE=4 ENGINE=InnoDB;
SET @r = repeat('a', 48);
INSERT INTO t1 VALUES(@r,@r,@r,@r,@r,@r,@r,@r,@r,@r,@r,@r,@r,@r,@r,@r,
@r,@r,@r,@r,@r,@r,@r,@r,@r,@r,@r,@r,@r,@r,@r,@r);
SET @r = repeat('b', 48);
INSERT INTO t1 VALUES(@r,@r,@r,@r,@r,@r,@r,@r,@r,@r,@r,@r,@r,@r,@r,@r,
@r,@r,@r,@r,@r,@r,@r,@r,@r,@r,@r,@r,@r,@r,@r,@r);
SET @r = repeat('c', 48);
INSERT INTO t1 VALUES(@r,@r,@r,@r,@r,@r,@r,@r,@r,@r,@r,@r,@r,@r,@r,@r,
@r,@r,@r,@r,@r,@r,@r,@r,@r,@r,@r,@r,@r,@r,@r,@r);
SET @r = repeat('d', 48);
INSERT INTO t1 VALUES(@r,@r,@r,@r,@r,@r,@r,@r,@r,@r,@r,@r,@r,@r,@r,@r,
@r,@r,@r,@r,@r,@r,@r,@r,@r,@r,@r,@r,@r,@r,@r,@r);
SET @r = repeat('e', 48);
INSERT INTO t1 VALUES(@r,@r,@r,@r,@r,@r,@r,@r,@r,@r,@r,@r,@r,@r,@r,@r,
@r,@r,@r,@r,@r,@r,@r,@r,@r,@r,@r,@r,@r,@r,@r,@r);
DELETE from t1;
DROP TABLE t1;
CREATE TABLE t1(
c text NOT NULL, d text NOT NULL,
PRIMARY KEY (c(767),d(767)))
ENGINE=InnoDB ROW_FORMAT=COMPRESSED KEY_BLOCK_SIZE=1 CHARSET=ASCII;
Warnings:
Warning	139	Row size is greater than 892. Changing some columns to TEXT or BLOB may help. In current row format, BLOB prefix of 0 bytes is stored inline.
DROP TABLE t1;
CREATE TABLE t1(
c text NOT NULL, d text NOT NULL,
PRIMARY KEY (c(767),d(767)))
ENGINE=InnoDB ROW_FORMAT=COMPRESSED KEY_BLOCK_SIZE=2 CHARSET=ASCII;
Warnings:
Warning	139	Row size is greater than 1916. Changing some columns to TEXT or BLOB may help. In current row format, BLOB prefix of 0 bytes is stored inline.
DROP TABLE t1;
CREATE TABLE t1(
c text NOT NULL, d text NOT NULL,
PRIMARY KEY (c(767),d(767)))
ENGINE=InnoDB ROW_FORMAT=COMPRESSED KEY_BLOCK_SIZE=4 CHARSET=ASCII;
DROP TABLE t1;
CREATE TABLE t1(c text, PRIMARY KEY (c(440)))
ENGINE=InnoDB ROW_FORMAT=COMPRESSED KEY_BLOCK_SIZE=1 CHARSET=ASCII;
DROP TABLE t1;
CREATE TABLE t1(c text, PRIMARY KEY (c(438)))
ENGINE=InnoDB ROW_FORMAT=COMPRESSED KEY_BLOCK_SIZE=1 CHARSET=ASCII;
INSERT INTO t1 VALUES(REPEAT('A',512)),(REPEAT('B',512));
DROP TABLE t1;
