DROP TABLE IF EXISTS t;
SET SESSION DEFAULT_STORAGE_ENGINE="TokuDB";
CREATE TABLE t (a CHAR(10), b CHAR(10));
INSERT INTO t VALUES ('hi', 'there');
INSERT INTO t VALUES ('you', 'people');
SELECT * FROM t;
a	b
hi	there
you	people
SET SESSION TOKUDB_DISABLE_SLOW_ALTER=1;
ALTER TABLE t CHANGE COLUMN a a CHAR(20), CHANGE COLUMN b b CHAR(30);
SELECT * FROM t;
a	b
hi	there
you	people
DROP TABLE t;
