DROP TABLE IF EXISTS t, ti;
SET SESSION DEFAULT_STORAGE_ENGINE="TokuDB";
SET SESSION TOKUDB_DISABLE_SLOW_ALTER=1;
CREATE TABLE t (a TINYINT);
INSERT INTO t VALUES ( -128 );
INSERT INTO t VALUES ( -1 );
INSERT INTO t VALUES ( 0 );
INSERT INTO t VALUES ( 1 );
INSERT INTO t VALUES ( 127 );
CREATE TABLE ti LIKE t;
ALTER TABLE ti ENGINE=myisam;
INSERT INTO ti SELECT * from t;
ALTER TABLE ti CHANGE COLUMN a b TINYINT;
ALTER TABLE t CHANGE COLUMN a b TINYINT;
include/diff_tables.inc [test.t, test.ti]
DROP TABLE ti;
DROP TABLE t;
CREATE TABLE t (a TINYINT);
INSERT INTO t VALUES ( -128 );
INSERT INTO t VALUES ( -1 );
INSERT INTO t VALUES ( 0 );
INSERT INTO t VALUES ( 1 );
INSERT INTO t VALUES ( 127 );
CREATE TABLE ti LIKE t;
ALTER TABLE ti ENGINE=myisam;
INSERT INTO ti SELECT * from t;
ALTER TABLE ti CHANGE COLUMN a b SMALLINT;
ALTER TABLE t CHANGE COLUMN a b SMALLINT;
include/diff_tables.inc [test.t, test.ti]
DROP TABLE ti;
DROP TABLE t;
CREATE TABLE t (a TINYINT);
INSERT INTO t VALUES ( -128 );
INSERT INTO t VALUES ( -1 );
INSERT INTO t VALUES ( 0 );
INSERT INTO t VALUES ( 1 );
INSERT INTO t VALUES ( 127 );
CREATE TABLE ti LIKE t;
ALTER TABLE ti ENGINE=myisam;
INSERT INTO ti SELECT * from t;
ALTER TABLE ti CHANGE COLUMN a b MEDIUMINT;
ALTER TABLE t CHANGE COLUMN a b MEDIUMINT;
include/diff_tables.inc [test.t, test.ti]
DROP TABLE ti;
DROP TABLE t;
CREATE TABLE t (a TINYINT);
INSERT INTO t VALUES ( -128 );
INSERT INTO t VALUES ( -1 );
INSERT INTO t VALUES ( 0 );
INSERT INTO t VALUES ( 1 );
INSERT INTO t VALUES ( 127 );
CREATE TABLE ti LIKE t;
ALTER TABLE ti ENGINE=myisam;
INSERT INTO ti SELECT * from t;
ALTER TABLE ti CHANGE COLUMN a b INT;
ALTER TABLE t CHANGE COLUMN a b INT;
include/diff_tables.inc [test.t, test.ti]
DROP TABLE ti;
DROP TABLE t;
CREATE TABLE t (a TINYINT);
INSERT INTO t VALUES ( -128 );
INSERT INTO t VALUES ( -1 );
INSERT INTO t VALUES ( 0 );
INSERT INTO t VALUES ( 1 );
INSERT INTO t VALUES ( 127 );
CREATE TABLE ti LIKE t;
ALTER TABLE ti ENGINE=myisam;
INSERT INTO ti SELECT * from t;
ALTER TABLE ti CHANGE COLUMN a b BIGINT;
ALTER TABLE t CHANGE COLUMN a b BIGINT;
include/diff_tables.inc [test.t, test.ti]
DROP TABLE ti;
DROP TABLE t;
CREATE TABLE t (a SMALLINT);
ALTER TABLE t CHANGE COLUMN a b TINYINT;
ERROR 42000: Table 't' uses an extension that doesn't exist in this XYZ version
DROP TABLE t;
CREATE TABLE t (a SMALLINT);
INSERT INTO t VALUES ( -32768 );
INSERT INTO t VALUES ( -1 );
INSERT INTO t VALUES ( 0 );
INSERT INTO t VALUES ( 1 );
INSERT INTO t VALUES ( 32767 );
CREATE TABLE ti LIKE t;
ALTER TABLE ti ENGINE=myisam;
INSERT INTO ti SELECT * from t;
ALTER TABLE ti CHANGE COLUMN a b SMALLINT;
ALTER TABLE t CHANGE COLUMN a b SMALLINT;
include/diff_tables.inc [test.t, test.ti]
DROP TABLE ti;
DROP TABLE t;
CREATE TABLE t (a SMALLINT);
INSERT INTO t VALUES ( -32768 );
INSERT INTO t VALUES ( -1 );
INSERT INTO t VALUES ( 0 );
INSERT INTO t VALUES ( 1 );
INSERT INTO t VALUES ( 32767 );
CREATE TABLE ti LIKE t;
ALTER TABLE ti ENGINE=myisam;
INSERT INTO ti SELECT * from t;
ALTER TABLE ti CHANGE COLUMN a b MEDIUMINT;
ALTER TABLE t CHANGE COLUMN a b MEDIUMINT;
include/diff_tables.inc [test.t, test.ti]
DROP TABLE ti;
DROP TABLE t;
CREATE TABLE t (a SMALLINT);
INSERT INTO t VALUES ( -32768 );
INSERT INTO t VALUES ( -1 );
INSERT INTO t VALUES ( 0 );
INSERT INTO t VALUES ( 1 );
INSERT INTO t VALUES ( 32767 );
CREATE TABLE ti LIKE t;
ALTER TABLE ti ENGINE=myisam;
INSERT INTO ti SELECT * from t;
ALTER TABLE ti CHANGE COLUMN a b INT;
ALTER TABLE t CHANGE COLUMN a b INT;
include/diff_tables.inc [test.t, test.ti]
DROP TABLE ti;
DROP TABLE t;
CREATE TABLE t (a SMALLINT);
INSERT INTO t VALUES ( -32768 );
INSERT INTO t VALUES ( -1 );
INSERT INTO t VALUES ( 0 );
INSERT INTO t VALUES ( 1 );
INSERT INTO t VALUES ( 32767 );
CREATE TABLE ti LIKE t;
ALTER TABLE ti ENGINE=myisam;
INSERT INTO ti SELECT * from t;
ALTER TABLE ti CHANGE COLUMN a b BIGINT;
ALTER TABLE t CHANGE COLUMN a b BIGINT;
include/diff_tables.inc [test.t, test.ti]
DROP TABLE ti;
DROP TABLE t;
CREATE TABLE t (a MEDIUMINT);
ALTER TABLE t CHANGE COLUMN a b TINYINT;
ERROR 42000: Table 't' uses an extension that doesn't exist in this XYZ version
DROP TABLE t;
CREATE TABLE t (a MEDIUMINT);
ALTER TABLE t CHANGE COLUMN a b SMALLINT;
ERROR 42000: Table 't' uses an extension that doesn't exist in this XYZ version
DROP TABLE t;
CREATE TABLE t (a MEDIUMINT);
INSERT INTO t VALUES ( -8388608 );
INSERT INTO t VALUES ( -1 );
INSERT INTO t VALUES ( 0 );
INSERT INTO t VALUES ( 1 );
INSERT INTO t VALUES ( 8388607 );
CREATE TABLE ti LIKE t;
ALTER TABLE ti ENGINE=myisam;
INSERT INTO ti SELECT * from t;
ALTER TABLE ti CHANGE COLUMN a b MEDIUMINT;
ALTER TABLE t CHANGE COLUMN a b MEDIUMINT;
include/diff_tables.inc [test.t, test.ti]
DROP TABLE ti;
DROP TABLE t;
CREATE TABLE t (a MEDIUMINT);
INSERT INTO t VALUES ( -8388608 );
INSERT INTO t VALUES ( -1 );
INSERT INTO t VALUES ( 0 );
INSERT INTO t VALUES ( 1 );
INSERT INTO t VALUES ( 8388607 );
CREATE TABLE ti LIKE t;
ALTER TABLE ti ENGINE=myisam;
INSERT INTO ti SELECT * from t;
ALTER TABLE ti CHANGE COLUMN a b INT;
ALTER TABLE t CHANGE COLUMN a b INT;
include/diff_tables.inc [test.t, test.ti]
DROP TABLE ti;
DROP TABLE t;
CREATE TABLE t (a MEDIUMINT);
INSERT INTO t VALUES ( -8388608 );
INSERT INTO t VALUES ( -1 );
INSERT INTO t VALUES ( 0 );
INSERT INTO t VALUES ( 1 );
INSERT INTO t VALUES ( 8388607 );
CREATE TABLE ti LIKE t;
ALTER TABLE ti ENGINE=myisam;
INSERT INTO ti SELECT * from t;
ALTER TABLE ti CHANGE COLUMN a b BIGINT;
ALTER TABLE t CHANGE COLUMN a b BIGINT;
include/diff_tables.inc [test.t, test.ti]
DROP TABLE ti;
DROP TABLE t;
CREATE TABLE t (a INT);
ALTER TABLE t CHANGE COLUMN a b TINYINT;
ERROR 42000: Table 't' uses an extension that doesn't exist in this XYZ version
DROP TABLE t;
CREATE TABLE t (a INT);
ALTER TABLE t CHANGE COLUMN a b SMALLINT;
ERROR 42000: Table 't' uses an extension that doesn't exist in this XYZ version
DROP TABLE t;
CREATE TABLE t (a INT);
ALTER TABLE t CHANGE COLUMN a b MEDIUMINT;
ERROR 42000: Table 't' uses an extension that doesn't exist in this XYZ version
DROP TABLE t;
CREATE TABLE t (a INT);
INSERT INTO t VALUES ( -2147483648 );
INSERT INTO t VALUES ( 0 );
INSERT INTO t VALUES ( 1 );
INSERT INTO t VALUES ( 2147483647 );
CREATE TABLE ti LIKE t;
ALTER TABLE ti ENGINE=myisam;
INSERT INTO ti SELECT * from t;
ALTER TABLE ti CHANGE COLUMN a b INT;
ALTER TABLE t CHANGE COLUMN a b INT;
include/diff_tables.inc [test.t, test.ti]
DROP TABLE ti;
DROP TABLE t;
CREATE TABLE t (a INT);
INSERT INTO t VALUES ( -2147483648 );
INSERT INTO t VALUES ( 0 );
INSERT INTO t VALUES ( 1 );
INSERT INTO t VALUES ( 2147483647 );
CREATE TABLE ti LIKE t;
ALTER TABLE ti ENGINE=myisam;
INSERT INTO ti SELECT * from t;
ALTER TABLE ti CHANGE COLUMN a b BIGINT;
ALTER TABLE t CHANGE COLUMN a b BIGINT;
include/diff_tables.inc [test.t, test.ti]
DROP TABLE ti;
DROP TABLE t;
CREATE TABLE t (a BIGINT);
ALTER TABLE t CHANGE COLUMN a b TINYINT;
ERROR 42000: Table 't' uses an extension that doesn't exist in this XYZ version
DROP TABLE t;
CREATE TABLE t (a BIGINT);
ALTER TABLE t CHANGE COLUMN a b SMALLINT;
ERROR 42000: Table 't' uses an extension that doesn't exist in this XYZ version
DROP TABLE t;
CREATE TABLE t (a BIGINT);
ALTER TABLE t CHANGE COLUMN a b MEDIUMINT;
ERROR 42000: Table 't' uses an extension that doesn't exist in this XYZ version
DROP TABLE t;
CREATE TABLE t (a BIGINT);
ALTER TABLE t CHANGE COLUMN a b INT;
ERROR 42000: Table 't' uses an extension that doesn't exist in this XYZ version
DROP TABLE t;
CREATE TABLE t (a BIGINT);
INSERT INTO t VALUES ( -9223372036854775808 );
INSERT INTO t VALUES ( 0 );
INSERT INTO t VALUES ( 1 );
INSERT INTO t VALUES ( 9223372036854775807 );
CREATE TABLE ti LIKE t;
ALTER TABLE ti ENGINE=myisam;
INSERT INTO ti SELECT * from t;
ALTER TABLE ti CHANGE COLUMN a b BIGINT;
ALTER TABLE t CHANGE COLUMN a b BIGINT;
include/diff_tables.inc [test.t, test.ti]
DROP TABLE ti;
DROP TABLE t;
CREATE TABLE t (a TINYINT UNSIGNED);
INSERT INTO t VALUES ( 0 );
INSERT INTO t VALUES ( 1 );
INSERT INTO t VALUES ( 255 );
CREATE TABLE ti LIKE t;
ALTER TABLE ti ENGINE=myisam;
INSERT INTO ti SELECT * from t;
ALTER TABLE ti CHANGE COLUMN a b TINYINT UNSIGNED;
ALTER TABLE t CHANGE COLUMN a b TINYINT UNSIGNED;
include/diff_tables.inc [test.t, test.ti]
DROP TABLE ti;
DROP TABLE t;
CREATE TABLE t (a TINYINT UNSIGNED);
INSERT INTO t VALUES ( 0 );
INSERT INTO t VALUES ( 1 );
INSERT INTO t VALUES ( 255 );
CREATE TABLE ti LIKE t;
ALTER TABLE ti ENGINE=myisam;
INSERT INTO ti SELECT * from t;
ALTER TABLE ti CHANGE COLUMN a b SMALLINT UNSIGNED;
ALTER TABLE t CHANGE COLUMN a b SMALLINT UNSIGNED;
include/diff_tables.inc [test.t, test.ti]
DROP TABLE ti;
DROP TABLE t;
CREATE TABLE t (a TINYINT UNSIGNED);
INSERT INTO t VALUES ( 0 );
INSERT INTO t VALUES ( 1 );
INSERT INTO t VALUES ( 255 );
CREATE TABLE ti LIKE t;
ALTER TABLE ti ENGINE=myisam;
INSERT INTO ti SELECT * from t;
ALTER TABLE ti CHANGE COLUMN a b MEDIUMINT UNSIGNED;
ALTER TABLE t CHANGE COLUMN a b MEDIUMINT UNSIGNED;
include/diff_tables.inc [test.t, test.ti]
DROP TABLE ti;
DROP TABLE t;
CREATE TABLE t (a TINYINT UNSIGNED);
INSERT INTO t VALUES ( 0 );
INSERT INTO t VALUES ( 1 );
INSERT INTO t VALUES ( 255 );
CREATE TABLE ti LIKE t;
ALTER TABLE ti ENGINE=myisam;
INSERT INTO ti SELECT * from t;
ALTER TABLE ti CHANGE COLUMN a b INT UNSIGNED;
ALTER TABLE t CHANGE COLUMN a b INT UNSIGNED;
include/diff_tables.inc [test.t, test.ti]
DROP TABLE ti;
DROP TABLE t;
CREATE TABLE t (a TINYINT UNSIGNED);
INSERT INTO t VALUES ( 0 );
INSERT INTO t VALUES ( 1 );
INSERT INTO t VALUES ( 255 );
CREATE TABLE ti LIKE t;
ALTER TABLE ti ENGINE=myisam;
INSERT INTO ti SELECT * from t;
ALTER TABLE ti CHANGE COLUMN a b BIGINT UNSIGNED;
ALTER TABLE t CHANGE COLUMN a b BIGINT UNSIGNED;
include/diff_tables.inc [test.t, test.ti]
DROP TABLE ti;
DROP TABLE t;
CREATE TABLE t (a SMALLINT UNSIGNED);
ALTER TABLE t CHANGE COLUMN a b TINYINT UNSIGNED;
ERROR 42000: Table 't' uses an extension that doesn't exist in this XYZ version
DROP TABLE t;
CREATE TABLE t (a SMALLINT UNSIGNED);
INSERT INTO t VALUES ( 0 );
INSERT INTO t VALUES ( 1 );
INSERT INTO t VALUES ( 65535 );
CREATE TABLE ti LIKE t;
ALTER TABLE ti ENGINE=myisam;
INSERT INTO ti SELECT * from t;
ALTER TABLE ti CHANGE COLUMN a b SMALLINT UNSIGNED;
ALTER TABLE t CHANGE COLUMN a b SMALLINT UNSIGNED;
include/diff_tables.inc [test.t, test.ti]
DROP TABLE ti;
DROP TABLE t;
CREATE TABLE t (a SMALLINT UNSIGNED);
INSERT INTO t VALUES ( 0 );
INSERT INTO t VALUES ( 1 );
INSERT INTO t VALUES ( 65535 );
CREATE TABLE ti LIKE t;
ALTER TABLE ti ENGINE=myisam;
INSERT INTO ti SELECT * from t;
ALTER TABLE ti CHANGE COLUMN a b MEDIUMINT UNSIGNED;
ALTER TABLE t CHANGE COLUMN a b MEDIUMINT UNSIGNED;
include/diff_tables.inc [test.t, test.ti]
DROP TABLE ti;
DROP TABLE t;
CREATE TABLE t (a SMALLINT UNSIGNED);
INSERT INTO t VALUES ( 0 );
INSERT INTO t VALUES ( 1 );
INSERT INTO t VALUES ( 65535 );
CREATE TABLE ti LIKE t;
ALTER TABLE ti ENGINE=myisam;
INSERT INTO ti SELECT * from t;
ALTER TABLE ti CHANGE COLUMN a b INT UNSIGNED;
ALTER TABLE t CHANGE COLUMN a b INT UNSIGNED;
include/diff_tables.inc [test.t, test.ti]
DROP TABLE ti;
DROP TABLE t;
CREATE TABLE t (a SMALLINT UNSIGNED);
INSERT INTO t VALUES ( 0 );
INSERT INTO t VALUES ( 1 );
INSERT INTO t VALUES ( 65535 );
CREATE TABLE ti LIKE t;
ALTER TABLE ti ENGINE=myisam;
INSERT INTO ti SELECT * from t;
ALTER TABLE ti CHANGE COLUMN a b BIGINT UNSIGNED;
ALTER TABLE t CHANGE COLUMN a b BIGINT UNSIGNED;
include/diff_tables.inc [test.t, test.ti]
DROP TABLE ti;
DROP TABLE t;
CREATE TABLE t (a MEDIUMINT UNSIGNED);
ALTER TABLE t CHANGE COLUMN a b TINYINT UNSIGNED;
ERROR 42000: Table 't' uses an extension that doesn't exist in this XYZ version
DROP TABLE t;
CREATE TABLE t (a MEDIUMINT UNSIGNED);
ALTER TABLE t CHANGE COLUMN a b SMALLINT UNSIGNED;
ERROR 42000: Table 't' uses an extension that doesn't exist in this XYZ version
DROP TABLE t;
CREATE TABLE t (a MEDIUMINT UNSIGNED);
INSERT INTO t VALUES ( 0 );
INSERT INTO t VALUES ( 1 );
INSERT INTO t VALUES ( 16777215 );
CREATE TABLE ti LIKE t;
ALTER TABLE ti ENGINE=myisam;
INSERT INTO ti SELECT * from t;
ALTER TABLE ti CHANGE COLUMN a b MEDIUMINT UNSIGNED;
ALTER TABLE t CHANGE COLUMN a b MEDIUMINT UNSIGNED;
include/diff_tables.inc [test.t, test.ti]
DROP TABLE ti;
DROP TABLE t;
CREATE TABLE t (a MEDIUMINT UNSIGNED);
INSERT INTO t VALUES ( 0 );
INSERT INTO t VALUES ( 1 );
INSERT INTO t VALUES ( 16777215 );
CREATE TABLE ti LIKE t;
ALTER TABLE ti ENGINE=myisam;
INSERT INTO ti SELECT * from t;
ALTER TABLE ti CHANGE COLUMN a b INT UNSIGNED;
ALTER TABLE t CHANGE COLUMN a b INT UNSIGNED;
include/diff_tables.inc [test.t, test.ti]
DROP TABLE ti;
DROP TABLE t;
CREATE TABLE t (a MEDIUMINT UNSIGNED);
INSERT INTO t VALUES ( 0 );
INSERT INTO t VALUES ( 1 );
INSERT INTO t VALUES ( 16777215 );
CREATE TABLE ti LIKE t;
ALTER TABLE ti ENGINE=myisam;
INSERT INTO ti SELECT * from t;
ALTER TABLE ti CHANGE COLUMN a b BIGINT UNSIGNED;
ALTER TABLE t CHANGE COLUMN a b BIGINT UNSIGNED;
include/diff_tables.inc [test.t, test.ti]
DROP TABLE ti;
DROP TABLE t;
CREATE TABLE t (a INT UNSIGNED);
ALTER TABLE t CHANGE COLUMN a b TINYINT UNSIGNED;
ERROR 42000: Table 't' uses an extension that doesn't exist in this XYZ version
DROP TABLE t;
CREATE TABLE t (a INT UNSIGNED);
ALTER TABLE t CHANGE COLUMN a b SMALLINT UNSIGNED;
ERROR 42000: Table 't' uses an extension that doesn't exist in this XYZ version
DROP TABLE t;
CREATE TABLE t (a INT UNSIGNED);
ALTER TABLE t CHANGE COLUMN a b MEDIUMINT UNSIGNED;
ERROR 42000: Table 't' uses an extension that doesn't exist in this XYZ version
DROP TABLE t;
CREATE TABLE t (a INT UNSIGNED);
INSERT INTO t VALUES ( 0 );
INSERT INTO t VALUES ( 1 );
INSERT INTO t VALUES ( 4294967295 );
CREATE TABLE ti LIKE t;
ALTER TABLE ti ENGINE=myisam;
INSERT INTO ti SELECT * from t;
ALTER TABLE ti CHANGE COLUMN a b INT UNSIGNED;
ALTER TABLE t CHANGE COLUMN a b INT UNSIGNED;
include/diff_tables.inc [test.t, test.ti]
DROP TABLE ti;
DROP TABLE t;
CREATE TABLE t (a INT UNSIGNED);
INSERT INTO t VALUES ( 0 );
INSERT INTO t VALUES ( 1 );
INSERT INTO t VALUES ( 4294967295 );
CREATE TABLE ti LIKE t;
ALTER TABLE ti ENGINE=myisam;
INSERT INTO ti SELECT * from t;
ALTER TABLE ti CHANGE COLUMN a b BIGINT UNSIGNED;
ALTER TABLE t CHANGE COLUMN a b BIGINT UNSIGNED;
include/diff_tables.inc [test.t, test.ti]
DROP TABLE ti;
DROP TABLE t;
CREATE TABLE t (a BIGINT UNSIGNED);
ALTER TABLE t CHANGE COLUMN a b TINYINT UNSIGNED;
ERROR 42000: Table 't' uses an extension that doesn't exist in this XYZ version
DROP TABLE t;
CREATE TABLE t (a BIGINT UNSIGNED);
ALTER TABLE t CHANGE COLUMN a b SMALLINT UNSIGNED;
ERROR 42000: Table 't' uses an extension that doesn't exist in this XYZ version
DROP TABLE t;
CREATE TABLE t (a BIGINT UNSIGNED);
ALTER TABLE t CHANGE COLUMN a b MEDIUMINT UNSIGNED;
ERROR 42000: Table 't' uses an extension that doesn't exist in this XYZ version
DROP TABLE t;
CREATE TABLE t (a BIGINT UNSIGNED);
ALTER TABLE t CHANGE COLUMN a b INT UNSIGNED;
ERROR 42000: Table 't' uses an extension that doesn't exist in this XYZ version
DROP TABLE t;
CREATE TABLE t (a BIGINT UNSIGNED);
INSERT INTO t VALUES ( 0 );
INSERT INTO t VALUES ( 1 );
INSERT INTO t VALUES ( 18446744073709551615 );
CREATE TABLE ti LIKE t;
ALTER TABLE ti ENGINE=myisam;
INSERT INTO ti SELECT * from t;
ALTER TABLE ti CHANGE COLUMN a b BIGINT UNSIGNED;
ALTER TABLE t CHANGE COLUMN a b BIGINT UNSIGNED;
include/diff_tables.inc [test.t, test.ti]
DROP TABLE ti;
DROP TABLE t;
