DROP TABLE IF EXISTS t;
SET SESSION DEFAULT_STORAGE_ENGINE="TokuDB";
SET SESSION TOKUDB_DISABLE_SLOW_ALTER=1;
CREATE TABLE t (a TINYINT UNSIGNED);
INSERT INTO t VALUES ( 0 );
INSERT INTO t VALUES ( 1 );
INSERT INTO t VALUES ( 255 );
ALTER TABLE t CHANGE COLUMN a b TINYINT UNSIGNED;
SELECT * FROM t;
b
0
1
255
DROP TABLE t;
CREATE TABLE t (a TINYINT UNSIGNED);
INSERT INTO t VALUES ( 0 );
INSERT INTO t VALUES ( 1 );
INSERT INTO t VALUES ( 255 );
ALTER TABLE t CHANGE COLUMN a b SMALLINT UNSIGNED;
SELECT * FROM t;
b
0
1
255
DROP TABLE t;
CREATE TABLE t (a TINYINT UNSIGNED);
INSERT INTO t VALUES ( 0 );
INSERT INTO t VALUES ( 1 );
INSERT INTO t VALUES ( 255 );
ALTER TABLE t CHANGE COLUMN a b MEDIUMINT UNSIGNED;
SELECT * FROM t;
b
0
1
255
DROP TABLE t;
CREATE TABLE t (a TINYINT UNSIGNED);
INSERT INTO t VALUES ( 0 );
INSERT INTO t VALUES ( 1 );
INSERT INTO t VALUES ( 255 );
ALTER TABLE t CHANGE COLUMN a b INT UNSIGNED;
SELECT * FROM t;
b
0
1
255
DROP TABLE t;
CREATE TABLE t (a TINYINT UNSIGNED);
INSERT INTO t VALUES ( 0 );
INSERT INTO t VALUES ( 1 );
INSERT INTO t VALUES ( 255 );
ALTER TABLE t CHANGE COLUMN a b BIGINT UNSIGNED;
SELECT * FROM t;
b
0
1
255
DROP TABLE t;
CREATE TABLE t (a SMALLINT UNSIGNED);
INSERT INTO t VALUES ( 0 );
INSERT INTO t VALUES ( 1 );
INSERT INTO t VALUES ( 65535 );
ALTER TABLE t CHANGE COLUMN a b TINYINT UNSIGNED;
ERROR 42000: Table 't' uses an extension that doesn't exist in this XYZ version
SELECT * FROM t;
a
0
1
65535
DROP TABLE t;
CREATE TABLE t (a SMALLINT UNSIGNED);
INSERT INTO t VALUES ( 0 );
INSERT INTO t VALUES ( 1 );
INSERT INTO t VALUES ( 65535 );
ALTER TABLE t CHANGE COLUMN a b SMALLINT UNSIGNED;
SELECT * FROM t;
b
0
1
65535
DROP TABLE t;
CREATE TABLE t (a SMALLINT UNSIGNED);
INSERT INTO t VALUES ( 0 );
INSERT INTO t VALUES ( 1 );
INSERT INTO t VALUES ( 65535 );
ALTER TABLE t CHANGE COLUMN a b MEDIUMINT UNSIGNED;
SELECT * FROM t;
b
0
1
65535
DROP TABLE t;
CREATE TABLE t (a SMALLINT UNSIGNED);
INSERT INTO t VALUES ( 0 );
INSERT INTO t VALUES ( 1 );
INSERT INTO t VALUES ( 65535 );
ALTER TABLE t CHANGE COLUMN a b INT UNSIGNED;
SELECT * FROM t;
b
0
1
65535
DROP TABLE t;
CREATE TABLE t (a SMALLINT UNSIGNED);
INSERT INTO t VALUES ( 0 );
INSERT INTO t VALUES ( 1 );
INSERT INTO t VALUES ( 65535 );
ALTER TABLE t CHANGE COLUMN a b BIGINT UNSIGNED;
SELECT * FROM t;
b
0
1
65535
DROP TABLE t;
CREATE TABLE t (a MEDIUMINT UNSIGNED);
INSERT INTO t VALUES ( 0 );
INSERT INTO t VALUES ( 1 );
INSERT INTO t VALUES ( 16777215 );
ALTER TABLE t CHANGE COLUMN a b TINYINT UNSIGNED;
ERROR 42000: Table 't' uses an extension that doesn't exist in this XYZ version
SELECT * FROM t;
a
0
1
16777215
DROP TABLE t;
CREATE TABLE t (a MEDIUMINT UNSIGNED);
INSERT INTO t VALUES ( 0 );
INSERT INTO t VALUES ( 1 );
INSERT INTO t VALUES ( 16777215 );
ALTER TABLE t CHANGE COLUMN a b SMALLINT UNSIGNED;
ERROR 42000: Table 't' uses an extension that doesn't exist in this XYZ version
SELECT * FROM t;
a
0
1
16777215
DROP TABLE t;
CREATE TABLE t (a MEDIUMINT UNSIGNED);
INSERT INTO t VALUES ( 0 );
INSERT INTO t VALUES ( 1 );
INSERT INTO t VALUES ( 16777215 );
ALTER TABLE t CHANGE COLUMN a b MEDIUMINT UNSIGNED;
SELECT * FROM t;
b
0
1
16777215
DROP TABLE t;
CREATE TABLE t (a MEDIUMINT UNSIGNED);
INSERT INTO t VALUES ( 0 );
INSERT INTO t VALUES ( 1 );
INSERT INTO t VALUES ( 16777215 );
ALTER TABLE t CHANGE COLUMN a b INT UNSIGNED;
SELECT * FROM t;
b
0
1
16777215
DROP TABLE t;
CREATE TABLE t (a MEDIUMINT UNSIGNED);
INSERT INTO t VALUES ( 0 );
INSERT INTO t VALUES ( 1 );
INSERT INTO t VALUES ( 16777215 );
ALTER TABLE t CHANGE COLUMN a b BIGINT UNSIGNED;
SELECT * FROM t;
b
0
1
16777215
DROP TABLE t;
CREATE TABLE t (a INT UNSIGNED);
INSERT INTO t VALUES ( 0 );
INSERT INTO t VALUES ( 1 );
INSERT INTO t VALUES ( 4294967295 );
ALTER TABLE t CHANGE COLUMN a b TINYINT UNSIGNED;
ERROR 42000: Table 't' uses an extension that doesn't exist in this XYZ version
SELECT * FROM t;
a
0
1
4294967295
DROP TABLE t;
CREATE TABLE t (a INT UNSIGNED);
INSERT INTO t VALUES ( 0 );
INSERT INTO t VALUES ( 1 );
INSERT INTO t VALUES ( 4294967295 );
ALTER TABLE t CHANGE COLUMN a b SMALLINT UNSIGNED;
ERROR 42000: Table 't' uses an extension that doesn't exist in this XYZ version
SELECT * FROM t;
a
0
1
4294967295
DROP TABLE t;
CREATE TABLE t (a INT UNSIGNED);
INSERT INTO t VALUES ( 0 );
INSERT INTO t VALUES ( 1 );
INSERT INTO t VALUES ( 4294967295 );
ALTER TABLE t CHANGE COLUMN a b MEDIUMINT UNSIGNED;
ERROR 42000: Table 't' uses an extension that doesn't exist in this XYZ version
SELECT * FROM t;
a
0
1
4294967295
DROP TABLE t;
CREATE TABLE t (a INT UNSIGNED);
INSERT INTO t VALUES ( 0 );
INSERT INTO t VALUES ( 1 );
INSERT INTO t VALUES ( 4294967295 );
ALTER TABLE t CHANGE COLUMN a b INT UNSIGNED;
SELECT * FROM t;
b
0
1
4294967295
DROP TABLE t;
CREATE TABLE t (a INT UNSIGNED);
INSERT INTO t VALUES ( 0 );
INSERT INTO t VALUES ( 1 );
INSERT INTO t VALUES ( 4294967295 );
ALTER TABLE t CHANGE COLUMN a b BIGINT UNSIGNED;
SELECT * FROM t;
b
0
1
4294967295
DROP TABLE t;
CREATE TABLE t (a BIGINT UNSIGNED);
INSERT INTO t VALUES ( 0 );
INSERT INTO t VALUES ( 1 );
INSERT INTO t VALUES ( 18446744073709551615 );
ALTER TABLE t CHANGE COLUMN a b TINYINT UNSIGNED;
ERROR 42000: Table 't' uses an extension that doesn't exist in this XYZ version
SELECT * FROM t;
a
0
1
18446744073709551615
DROP TABLE t;
CREATE TABLE t (a BIGINT UNSIGNED);
INSERT INTO t VALUES ( 0 );
INSERT INTO t VALUES ( 1 );
INSERT INTO t VALUES ( 18446744073709551615 );
ALTER TABLE t CHANGE COLUMN a b SMALLINT UNSIGNED;
ERROR 42000: Table 't' uses an extension that doesn't exist in this XYZ version
SELECT * FROM t;
a
0
1
18446744073709551615
DROP TABLE t;
CREATE TABLE t (a BIGINT UNSIGNED);
INSERT INTO t VALUES ( 0 );
INSERT INTO t VALUES ( 1 );
INSERT INTO t VALUES ( 18446744073709551615 );
ALTER TABLE t CHANGE COLUMN a b MEDIUMINT UNSIGNED;
ERROR 42000: Table 't' uses an extension that doesn't exist in this XYZ version
SELECT * FROM t;
a
0
1
18446744073709551615
DROP TABLE t;
CREATE TABLE t (a BIGINT UNSIGNED);
INSERT INTO t VALUES ( 0 );
INSERT INTO t VALUES ( 1 );
INSERT INTO t VALUES ( 18446744073709551615 );
ALTER TABLE t CHANGE COLUMN a b INT UNSIGNED;
ERROR 42000: Table 't' uses an extension that doesn't exist in this XYZ version
SELECT * FROM t;
a
0
1
18446744073709551615
DROP TABLE t;
CREATE TABLE t (a BIGINT UNSIGNED);
INSERT INTO t VALUES ( 0 );
INSERT INTO t VALUES ( 1 );
INSERT INTO t VALUES ( 18446744073709551615 );
ALTER TABLE t CHANGE COLUMN a b BIGINT UNSIGNED;
SELECT * FROM t;
b
0
1
18446744073709551615
DROP TABLE t;
