CREATE TABLE arddl (a INT, b INT, PRIMARY KEY (a)) ENGINE=INNODB;
INSERT INTO arddl VALUES (1, 10);
INSERT INTO arddl VALUES (2, 10);
ALTER TABLE arddl ADD INDEX (b);
Timeout in wait_condition.inc for SELECT stat_value = 2 FROM mysql.innodb_index_stats WHERE table_name = 'arddl' AND index_name = 'PRIMARY' AND stat_name = 'n_diff_pfx01'
Id	3
User	root
Host	localhost
db	test
Command	Query
Time	0
State	init
Info	show full processlist
Progress	0.000
SELECT n_rows FROM mysql.innodb_table_stats WHERE table_name = 'arddl' ORDER BY 1;
SELECT index_name, stat_name, stat_value FROM mysql.innodb_index_stats WHERE table_name = 'arddl' AND index_name = 'PRIMARY' ORDER BY 1, 2, 3;
DROP TABLE arddl;
CREATE TABLE arddl (a INT, b INT, PRIMARY KEY (a), KEY (b)) ENGINE=INNODB;
INSERT INTO arddl VALUES (3, 10);
INSERT INTO arddl VALUES (4, 10);
ALTER TABLE arddl DROP INDEX b;
Timeout in wait_condition.inc for SELECT stat_value = 2 FROM mysql.innodb_index_stats WHERE table_name = 'arddl' AND index_name = 'PRIMARY' AND stat_name = 'n_diff_pfx01'
Id	3
User	root
Host	localhost
db	test
Command	Query
Time	0
State	init
Info	show full processlist
Progress	0.000
SELECT n_rows FROM mysql.innodb_table_stats WHERE table_name = 'arddl' ORDER BY 1;
SELECT index_name, stat_name, stat_value FROM mysql.innodb_index_stats WHERE table_name = 'arddl' AND index_name = 'PRIMARY' ORDER BY 1, 2, 3;
DROP TABLE arddl;
