SET default_storage_engine = InnoDB;
CREATE TABLE t1 (pk INT PRIMARY KEY, c VARCHAR(256));
CREATE TABLE t2 AS SELECT * FROM t1;
SET GLOBAL innodb_encrypt_tables = ON;
SET GLOBAL innodb_encryption_threads = 1;
CREATE OR REPLACE TABLE t1 AS SELECT * FROM t2;
CREATE OR REPLACE TABLE t2 AS SELECT * FROM t1;
SET GLOBAL innodb_encryption_rotation_iops = 100;
SET GLOBAL innodb_encrypt_tables = OFF;
CREATE OR REPLACE TABLE t2 AS SELECT * FROM t1;
CREATE OR REPLACE TABLE t1 AS SELECT * FROM t2;
SET GLOBAL innodb_encrypt_tables = ON;
SET GLOBAL innodb_encryption_threads = 1;
CREATE OR REPLACE TABLE t1 AS SELECT * FROM t2;
CREATE OR REPLACE TABLE t2 AS SELECT * FROM t1;
SET GLOBAL innodb_encryption_rotation_iops = 100;
SET GLOBAL innodb_encrypt_tables = OFF;
CREATE OR REPLACE TABLE t2 AS SELECT * FROM t1;
CREATE OR REPLACE TABLE t1 AS SELECT * FROM t2;
SET GLOBAL innodb_encrypt_tables = ON;
SET GLOBAL innodb_encryption_threads = 1;
CREATE OR REPLACE TABLE t1 AS SELECT * FROM t2;
CREATE OR REPLACE TABLE t2 AS SELECT * FROM t1;
SET GLOBAL innodb_encryption_rotation_iops = 100;
SET GLOBAL innodb_encrypt_tables = OFF;
CREATE OR REPLACE TABLE t2 AS SELECT * FROM t1;
CREATE OR REPLACE TABLE t1 AS SELECT * FROM t2;
SET GLOBAL innodb_encrypt_tables = ON;
SET GLOBAL innodb_encryption_threads = 1;
CREATE OR REPLACE TABLE t1 AS SELECT * FROM t2;
CREATE OR REPLACE TABLE t2 AS SELECT * FROM t1;
SET GLOBAL innodb_encryption_rotation_iops = 100;
SET GLOBAL innodb_encrypt_tables = OFF;
CREATE OR REPLACE TABLE t2 AS SELECT * FROM t1;
CREATE OR REPLACE TABLE t1 AS SELECT * FROM t2;
SET GLOBAL innodb_encrypt_tables = ON;
SET GLOBAL innodb_encryption_threads = 1;
CREATE OR REPLACE TABLE t1 AS SELECT * FROM t2;
CREATE OR REPLACE TABLE t2 AS SELECT * FROM t1;
SET GLOBAL innodb_encryption_rotation_iops = 100;
SET GLOBAL innodb_encrypt_tables = OFF;
CREATE OR REPLACE TABLE t2 AS SELECT * FROM t1;
CREATE OR REPLACE TABLE t1 AS SELECT * FROM t2;
SET GLOBAL innodb_encrypt_tables = ON;
SET GLOBAL innodb_encryption_threads = 1;
CREATE OR REPLACE TABLE t1 AS SELECT * FROM t2;
CREATE OR REPLACE TABLE t2 AS SELECT * FROM t1;
SET GLOBAL innodb_encryption_rotation_iops = 100;
SET GLOBAL innodb_encrypt_tables = OFF;
CREATE OR REPLACE TABLE t2 AS SELECT * FROM t1;
CREATE OR REPLACE TABLE t1 AS SELECT * FROM t2;
SET GLOBAL innodb_encrypt_tables = ON;
SET GLOBAL innodb_encryption_threads = 1;
CREATE OR REPLACE TABLE t1 AS SELECT * FROM t2;
CREATE OR REPLACE TABLE t2 AS SELECT * FROM t1;
SET GLOBAL innodb_encryption_rotation_iops = 100;
SET GLOBAL innodb_encrypt_tables = OFF;
CREATE OR REPLACE TABLE t2 AS SELECT * FROM t1;
CREATE OR REPLACE TABLE t1 AS SELECT * FROM t2;
SET GLOBAL innodb_encrypt_tables = ON;
SET GLOBAL innodb_encryption_threads = 1;
CREATE OR REPLACE TABLE t1 AS SELECT * FROM t2;
CREATE OR REPLACE TABLE t2 AS SELECT * FROM t1;
SET GLOBAL innodb_encryption_rotation_iops = 100;
SET GLOBAL innodb_encrypt_tables = OFF;
CREATE OR REPLACE TABLE t2 AS SELECT * FROM t1;
CREATE OR REPLACE TABLE t1 AS SELECT * FROM t2;
SET GLOBAL innodb_encrypt_tables = ON;
SET GLOBAL innodb_encryption_threads = 1;
CREATE OR REPLACE TABLE t1 AS SELECT * FROM t2;
CREATE OR REPLACE TABLE t2 AS SELECT * FROM t1;
SET GLOBAL innodb_encryption_rotation_iops = 100;
SET GLOBAL innodb_encrypt_tables = OFF;
CREATE OR REPLACE TABLE t2 AS SELECT * FROM t1;
CREATE OR REPLACE TABLE t1 AS SELECT * FROM t2;
SET GLOBAL innodb_encrypt_tables = ON;
SET GLOBAL innodb_encryption_threads = 1;
CREATE OR REPLACE TABLE t1 AS SELECT * FROM t2;
CREATE OR REPLACE TABLE t2 AS SELECT * FROM t1;
SET GLOBAL innodb_encryption_rotation_iops = 100;
SET GLOBAL innodb_encrypt_tables = OFF;
CREATE OR REPLACE TABLE t2 AS SELECT * FROM t1;
CREATE OR REPLACE TABLE t1 AS SELECT * FROM t2;
SET GLOBAL innodb_encrypt_tables = ON;
SET GLOBAL innodb_encryption_threads = 1;
CREATE OR REPLACE TABLE t1 AS SELECT * FROM t2;
CREATE OR REPLACE TABLE t2 AS SELECT * FROM t1;
SET GLOBAL innodb_encryption_rotation_iops = 100;
SET GLOBAL innodb_encrypt_tables = OFF;
CREATE OR REPLACE TABLE t2 AS SELECT * FROM t1;
CREATE OR REPLACE TABLE t1 AS SELECT * FROM t2;
SET GLOBAL innodb_encrypt_tables = ON;
SET GLOBAL innodb_encryption_threads = 1;
CREATE OR REPLACE TABLE t1 AS SELECT * FROM t2;
CREATE OR REPLACE TABLE t2 AS SELECT * FROM t1;
SET GLOBAL innodb_encryption_rotation_iops = 100;
SET GLOBAL innodb_encrypt_tables = OFF;
CREATE OR REPLACE TABLE t2 AS SELECT * FROM t1;
CREATE OR REPLACE TABLE t1 AS SELECT * FROM t2;
SET GLOBAL innodb_encrypt_tables = ON;
SET GLOBAL innodb_encryption_threads = 1;
CREATE OR REPLACE TABLE t1 AS SELECT * FROM t2;
CREATE OR REPLACE TABLE t2 AS SELECT * FROM t1;
SET GLOBAL innodb_encryption_rotation_iops = 100;
SET GLOBAL innodb_encrypt_tables = OFF;
CREATE OR REPLACE TABLE t2 AS SELECT * FROM t1;
CREATE OR REPLACE TABLE t1 AS SELECT * FROM t2;
SET GLOBAL innodb_encrypt_tables = ON;
SET GLOBAL innodb_encryption_threads = 1;
CREATE OR REPLACE TABLE t1 AS SELECT * FROM t2;
CREATE OR REPLACE TABLE t2 AS SELECT * FROM t1;
SET GLOBAL innodb_encryption_rotation_iops = 100;
SET GLOBAL innodb_encrypt_tables = OFF;
CREATE OR REPLACE TABLE t2 AS SELECT * FROM t1;
CREATE OR REPLACE TABLE t1 AS SELECT * FROM t2;
SET GLOBAL innodb_encrypt_tables = ON;
SET GLOBAL innodb_encryption_threads = 1;
CREATE OR REPLACE TABLE t1 AS SELECT * FROM t2;
CREATE OR REPLACE TABLE t2 AS SELECT * FROM t1;
SET GLOBAL innodb_encryption_rotation_iops = 100;
SET GLOBAL innodb_encrypt_tables = OFF;
CREATE OR REPLACE TABLE t2 AS SELECT * FROM t1;
CREATE OR REPLACE TABLE t1 AS SELECT * FROM t2;
SET GLOBAL innodb_encrypt_tables = ON;
SET GLOBAL innodb_encryption_threads = 1;
CREATE OR REPLACE TABLE t1 AS SELECT * FROM t2;
CREATE OR REPLACE TABLE t2 AS SELECT * FROM t1;
SET GLOBAL innodb_encryption_rotation_iops = 100;
SET GLOBAL innodb_encrypt_tables = OFF;
CREATE OR REPLACE TABLE t2 AS SELECT * FROM t1;
CREATE OR REPLACE TABLE t1 AS SELECT * FROM t2;
SET GLOBAL innodb_encrypt_tables = ON;
SET GLOBAL innodb_encryption_threads = 1;
CREATE OR REPLACE TABLE t1 AS SELECT * FROM t2;
CREATE OR REPLACE TABLE t2 AS SELECT * FROM t1;
SET GLOBAL innodb_encryption_rotation_iops = 100;
SET GLOBAL innodb_encrypt_tables = OFF;
CREATE OR REPLACE TABLE t2 AS SELECT * FROM t1;
CREATE OR REPLACE TABLE t1 AS SELECT * FROM t2;
SET GLOBAL innodb_encrypt_tables = ON;
SET GLOBAL innodb_encryption_threads = 1;
CREATE OR REPLACE TABLE t1 AS SELECT * FROM t2;
CREATE OR REPLACE TABLE t2 AS SELECT * FROM t1;
SET GLOBAL innodb_encryption_rotation_iops = 100;
SET GLOBAL innodb_encrypt_tables = OFF;
CREATE OR REPLACE TABLE t2 AS SELECT * FROM t1;
CREATE OR REPLACE TABLE t1 AS SELECT * FROM t2;
SET GLOBAL innodb_encrypt_tables = ON;
SET GLOBAL innodb_encryption_threads = 1;
CREATE OR REPLACE TABLE t1 AS SELECT * FROM t2;
CREATE OR REPLACE TABLE t2 AS SELECT * FROM t1;
SET GLOBAL innodb_encryption_rotation_iops = 100;
SET GLOBAL innodb_encrypt_tables = OFF;
CREATE OR REPLACE TABLE t2 AS SELECT * FROM t1;
CREATE OR REPLACE TABLE t1 AS SELECT * FROM t2;
SET GLOBAL innodb_encrypt_tables = ON;
SET GLOBAL innodb_encryption_threads = 1;
CREATE OR REPLACE TABLE t1 AS SELECT * FROM t2;
CREATE OR REPLACE TABLE t2 AS SELECT * FROM t1;
SET GLOBAL innodb_encryption_rotation_iops = 100;
SET GLOBAL innodb_encrypt_tables = OFF;
CREATE OR REPLACE TABLE t2 AS SELECT * FROM t1;
CREATE OR REPLACE TABLE t1 AS SELECT * FROM t2;
SET GLOBAL innodb_encrypt_tables = ON;
SET GLOBAL innodb_encryption_threads = 1;
CREATE OR REPLACE TABLE t1 AS SELECT * FROM t2;
CREATE OR REPLACE TABLE t2 AS SELECT * FROM t1;
SET GLOBAL innodb_encryption_rotation_iops = 100;
SET GLOBAL innodb_encrypt_tables = OFF;
CREATE OR REPLACE TABLE t2 AS SELECT * FROM t1;
CREATE OR REPLACE TABLE t1 AS SELECT * FROM t2;
SET GLOBAL innodb_encrypt_tables = ON;
SET GLOBAL innodb_encryption_threads = 1;
CREATE OR REPLACE TABLE t1 AS SELECT * FROM t2;
CREATE OR REPLACE TABLE t2 AS SELECT * FROM t1;
SET GLOBAL innodb_encryption_rotation_iops = 100;
SET GLOBAL innodb_encrypt_tables = OFF;
CREATE OR REPLACE TABLE t2 AS SELECT * FROM t1;
CREATE OR REPLACE TABLE t1 AS SELECT * FROM t2;
SET GLOBAL innodb_encrypt_tables = ON;
SET GLOBAL innodb_encryption_threads = 1;
CREATE OR REPLACE TABLE t1 AS SELECT * FROM t2;
CREATE OR REPLACE TABLE t2 AS SELECT * FROM t1;
SET GLOBAL innodb_encryption_rotation_iops = 100;
SET GLOBAL innodb_encrypt_tables = OFF;
CREATE OR REPLACE TABLE t2 AS SELECT * FROM t1;
CREATE OR REPLACE TABLE t1 AS SELECT * FROM t2;
SET GLOBAL innodb_encrypt_tables = ON;
SET GLOBAL innodb_encryption_threads = 1;
CREATE OR REPLACE TABLE t1 AS SELECT * FROM t2;
CREATE OR REPLACE TABLE t2 AS SELECT * FROM t1;
SET GLOBAL innodb_encryption_rotation_iops = 100;
SET GLOBAL innodb_encrypt_tables = OFF;
CREATE OR REPLACE TABLE t2 AS SELECT * FROM t1;
CREATE OR REPLACE TABLE t1 AS SELECT * FROM t2;
SET GLOBAL innodb_encrypt_tables = ON;
SET GLOBAL innodb_encryption_threads = 1;
CREATE OR REPLACE TABLE t1 AS SELECT * FROM t2;
CREATE OR REPLACE TABLE t2 AS SELECT * FROM t1;
SET GLOBAL innodb_encryption_rotation_iops = 100;
SET GLOBAL innodb_encrypt_tables = OFF;
CREATE OR REPLACE TABLE t2 AS SELECT * FROM t1;
CREATE OR REPLACE TABLE t1 AS SELECT * FROM t2;
SET GLOBAL innodb_encrypt_tables = ON;
SET GLOBAL innodb_encryption_threads = 1;
CREATE OR REPLACE TABLE t1 AS SELECT * FROM t2;
CREATE OR REPLACE TABLE t2 AS SELECT * FROM t1;
SET GLOBAL innodb_encryption_rotation_iops = 100;
SET GLOBAL innodb_encrypt_tables = OFF;
CREATE OR REPLACE TABLE t2 AS SELECT * FROM t1;
CREATE OR REPLACE TABLE t1 AS SELECT * FROM t2;
SET GLOBAL innodb_encrypt_tables = ON;
SET GLOBAL innodb_encryption_threads = 1;
CREATE OR REPLACE TABLE t1 AS SELECT * FROM t2;
CREATE OR REPLACE TABLE t2 AS SELECT * FROM t1;
SET GLOBAL innodb_encryption_rotation_iops = 100;
SET GLOBAL innodb_encrypt_tables = OFF;
CREATE OR REPLACE TABLE t2 AS SELECT * FROM t1;
CREATE OR REPLACE TABLE t1 AS SELECT * FROM t2;
SET GLOBAL innodb_encrypt_tables = ON;
SET GLOBAL innodb_encryption_threads = 1;
CREATE OR REPLACE TABLE t1 AS SELECT * FROM t2;
CREATE OR REPLACE TABLE t2 AS SELECT * FROM t1;
SET GLOBAL innodb_encryption_rotation_iops = 100;
SET GLOBAL innodb_encrypt_tables = OFF;
CREATE OR REPLACE TABLE t2 AS SELECT * FROM t1;
CREATE OR REPLACE TABLE t1 AS SELECT * FROM t2;
SET GLOBAL innodb_encrypt_tables = ON;
SET GLOBAL innodb_encryption_threads = 1;
CREATE OR REPLACE TABLE t1 AS SELECT * FROM t2;
CREATE OR REPLACE TABLE t2 AS SELECT * FROM t1;
SET GLOBAL innodb_encryption_rotation_iops = 100;
SET GLOBAL innodb_encrypt_tables = OFF;
CREATE OR REPLACE TABLE t2 AS SELECT * FROM t1;
CREATE OR REPLACE TABLE t1 AS SELECT * FROM t2;
SET GLOBAL innodb_encrypt_tables = ON;
SET GLOBAL innodb_encryption_threads = 1;
CREATE OR REPLACE TABLE t1 AS SELECT * FROM t2;
CREATE OR REPLACE TABLE t2 AS SELECT * FROM t1;
SET GLOBAL innodb_encryption_rotation_iops = 100;
SET GLOBAL innodb_encrypt_tables = OFF;
CREATE OR REPLACE TABLE t2 AS SELECT * FROM t1;
CREATE OR REPLACE TABLE t1 AS SELECT * FROM t2;
SET GLOBAL innodb_encrypt_tables = ON;
SET GLOBAL innodb_encryption_threads = 1;
CREATE OR REPLACE TABLE t1 AS SELECT * FROM t2;
CREATE OR REPLACE TABLE t2 AS SELECT * FROM t1;
SET GLOBAL innodb_encryption_rotation_iops = 100;
SET GLOBAL innodb_encrypt_tables = OFF;
CREATE OR REPLACE TABLE t2 AS SELECT * FROM t1;
CREATE OR REPLACE TABLE t1 AS SELECT * FROM t2;
SET GLOBAL innodb_encrypt_tables = ON;
SET GLOBAL innodb_encryption_threads = 1;
CREATE OR REPLACE TABLE t1 AS SELECT * FROM t2;
CREATE OR REPLACE TABLE t2 AS SELECT * FROM t1;
SET GLOBAL innodb_encryption_rotation_iops = 100;
SET GLOBAL innodb_encrypt_tables = OFF;
CREATE OR REPLACE TABLE t2 AS SELECT * FROM t1;
CREATE OR REPLACE TABLE t1 AS SELECT * FROM t2;
SET GLOBAL innodb_encrypt_tables = ON;
SET GLOBAL innodb_encryption_threads = 1;
CREATE OR REPLACE TABLE t1 AS SELECT * FROM t2;
CREATE OR REPLACE TABLE t2 AS SELECT * FROM t1;
SET GLOBAL innodb_encryption_rotation_iops = 100;
SET GLOBAL innodb_encrypt_tables = OFF;
CREATE OR REPLACE TABLE t2 AS SELECT * FROM t1;
CREATE OR REPLACE TABLE t1 AS SELECT * FROM t2;
SET GLOBAL innodb_encrypt_tables = ON;
SET GLOBAL innodb_encryption_threads = 1;
CREATE OR REPLACE TABLE t1 AS SELECT * FROM t2;
CREATE OR REPLACE TABLE t2 AS SELECT * FROM t1;
SET GLOBAL innodb_encryption_rotation_iops = 100;
SET GLOBAL innodb_encrypt_tables = OFF;
CREATE OR REPLACE TABLE t2 AS SELECT * FROM t1;
CREATE OR REPLACE TABLE t1 AS SELECT * FROM t2;
SET GLOBAL innodb_encrypt_tables = ON;
SET GLOBAL innodb_encryption_threads = 1;
CREATE OR REPLACE TABLE t1 AS SELECT * FROM t2;
CREATE OR REPLACE TABLE t2 AS SELECT * FROM t1;
SET GLOBAL innodb_encryption_rotation_iops = 100;
SET GLOBAL innodb_encrypt_tables = OFF;
CREATE OR REPLACE TABLE t2 AS SELECT * FROM t1;
CREATE OR REPLACE TABLE t1 AS SELECT * FROM t2;
SET GLOBAL innodb_encrypt_tables = ON;
SET GLOBAL innodb_encryption_threads = 1;
CREATE OR REPLACE TABLE t1 AS SELECT * FROM t2;
CREATE OR REPLACE TABLE t2 AS SELECT * FROM t1;
SET GLOBAL innodb_encryption_rotation_iops = 100;
SET GLOBAL innodb_encrypt_tables = OFF;
CREATE OR REPLACE TABLE t2 AS SELECT * FROM t1;
CREATE OR REPLACE TABLE t1 AS SELECT * FROM t2;
SET GLOBAL innodb_encrypt_tables = ON;
SET GLOBAL innodb_encryption_threads = 1;
CREATE OR REPLACE TABLE t1 AS SELECT * FROM t2;
CREATE OR REPLACE TABLE t2 AS SELECT * FROM t1;
SET GLOBAL innodb_encryption_rotation_iops = 100;
SET GLOBAL innodb_encrypt_tables = OFF;
CREATE OR REPLACE TABLE t2 AS SELECT * FROM t1;
CREATE OR REPLACE TABLE t1 AS SELECT * FROM t2;
SET GLOBAL innodb_encrypt_tables = ON;
SET GLOBAL innodb_encryption_threads = 1;
CREATE OR REPLACE TABLE t1 AS SELECT * FROM t2;
CREATE OR REPLACE TABLE t2 AS SELECT * FROM t1;
SET GLOBAL innodb_encryption_rotation_iops = 100;
SET GLOBAL innodb_encrypt_tables = OFF;
CREATE OR REPLACE TABLE t2 AS SELECT * FROM t1;
CREATE OR REPLACE TABLE t1 AS SELECT * FROM t2;
SET GLOBAL innodb_encrypt_tables = ON;
SET GLOBAL innodb_encryption_threads = 1;
CREATE OR REPLACE TABLE t1 AS SELECT * FROM t2;
CREATE OR REPLACE TABLE t2 AS SELECT * FROM t1;
SET GLOBAL innodb_encryption_rotation_iops = 100;
SET GLOBAL innodb_encrypt_tables = OFF;
CREATE OR REPLACE TABLE t2 AS SELECT * FROM t1;
CREATE OR REPLACE TABLE t1 AS SELECT * FROM t2;
SET GLOBAL innodb_encrypt_tables = ON;
SET GLOBAL innodb_encryption_threads = 1;
CREATE OR REPLACE TABLE t1 AS SELECT * FROM t2;
CREATE OR REPLACE TABLE t2 AS SELECT * FROM t1;
SET GLOBAL innodb_encryption_rotation_iops = 100;
SET GLOBAL innodb_encrypt_tables = OFF;
CREATE OR REPLACE TABLE t2 AS SELECT * FROM t1;
CREATE OR REPLACE TABLE t1 AS SELECT * FROM t2;
drop table t1,t2;
SET GLOBAL innodb_encryption_threads = 0;
