include/master-slave.inc
[connection master]
connection server_2;
include/stop_slave.inc
CHANGE MASTER TO master_use_gtid=slave_pos;
SET sql_log_bin=0;
CREATE TABLE mysql.gtid_slave_pos_innodb LIKE mysql.gtid_slave_pos;
ALTER TABLE mysql.gtid_slave_pos_innodb ENGINE=InnoDB;
CREATE TABLE mysql.gtid_slave_pos_tokudb LIKE mysql.gtid_slave_pos;
ALTER TABLE mysql.gtid_slave_pos_tokudb ENGINE=TokuDB;
CREATE TABLE mysql.gtid_slave_pos_myisam_redundant LIKE mysql.gtid_slave_pos;
CREATE TABLE mysql.gtid_slave_pos_innodb_redundant LIKE mysql.gtid_slave_pos;
ALTER TABLE mysql.gtid_slave_pos_innodb_redundant ENGINE=InnoDB;
call mtr.add_suppression("Ignoring redundant table.*since.*has the same storage engine");
include/start_slave.inc
connection server_1;
CREATE TABLE t1 (a INT PRIMARY KEY);
CREATE TABLE t2 (a INT PRIMARY KEY) ENGINE=InnoDB;
CREATE TABLE t3 (a INT PRIMARY KEY) ENGINE=TokuDB;
INSERT INTO t1 VALUES (1);
INSERT INTO t2 VALUES (1);
INSERT INTO t3 VALUES (1);
SELECT * FROM t1 ORDER BY a;
a
1
SELECT * FROM t2 ORDER BY a;
a
1
SELECT * FROM t3 ORDER BY a;
a
1
connection server_2;
SELECT * FROM t1 ORDER BY a;
a
1
SELECT * FROM t2 ORDER BY a;
a
1
SELECT * FROM t3 ORDER BY a;
a
1
SELECT * FROM mysql.gtid_slave_pos ORDER BY sub_id;
domain_id	sub_id	server_id	seq_no
0	3	1	3
0	4	1	4
SELECT * FROM ( SELECT * FROM mysql.gtid_slave_pos_innodb
UNION ALL SELECT * FROM mysql.gtid_slave_pos_innodb_redundant) inner_select
ORDER BY sub_id;
domain_id	sub_id	server_id	seq_no
0	5	1	5
SELECT * FROM mysql.gtid_slave_pos_tokudb ORDER BY sub_id;
domain_id	sub_id	server_id	seq_no
0	6	1	6
connection server_2;
SET sql_log_bin=0;
DROP TABLE mysql.gtid_slave_pos_innodb;
DROP TABLE mysql.gtid_slave_pos_tokudb;
DROP TABLE mysql.gtid_slave_pos_myisam_redundant;
DROP TABLE mysql.gtid_slave_pos_innodb_redundant;
SET sql_log_bin=1;
connection server_1;
DROP TABLE t1;
DROP TABLE t2;
DROP TABLE t3;
include/rpl_end.inc
